temp,result
91.1,0
93.8,0
94.7,0
95.2,0
94.8,0
94.8,0
93.5,0
91.2,0
91.9,0
92.8,0
90.5,0
92.1,0
91.6,0
91.6,0
90.6,0
95.8,0
92.2,0
93.9,0
90.8,0
94.1,0
94.5,0
92.4,0
90.1,0
91.0,0
90.4,0
90.8,0
90.7,0
91.3,0
93.6,0
95.8,0
95.8,0
94.6,0
94.0,0
95.4,0
94.3,0
94.1,0
90.5,0
91.5,0
90.4,0
92.4,0
94.6,0
93.2,0
92.5,0
95.1,0
95.2,0
93.2,0
91.5,0
93.0,0
95.4,0
94.9,0
90.2,0
95.3,0
91.3,0
94.6,0
92.5,0
92.0,0
91.6,0
93.5,0
93.6,0
93.7,0
94.1,0
94.6,0
90.2,0
92.9,0
94.7,0
92.1,0
90.3,0
90.9,0
90.8,0
91.9,0
93.1,0
91.3,0
91.7,0
90.0,0
94.1,0
92.1,0
90.7,0
94.8,0
94.8,0
93.4,0
93.6,0
94.7,0
94.9,0
91.6,0
91.3,0
90.5,0
92.8,0
93.8,0
93.2,0
94.5,0
90.6,0
92.8,0
93.7,0
90.6,0
95.9,0
93.0,0
95.0,0
91.5,0
92.1,0
90.8,0
90.8,0
94.1,0
93.7,0
92.4,0
95.3,0
90.7,0
91.6,0
90.1,0
93.7,0
94.0,0
93.6,0
95.0,0
95.6,0
90.2,0
95.5,0
90.5,0
95.2,0
94.4,0
90.3,0
92.3,0
94.8,0
94.5,0
91.7,0
94.6,0
90.3,0
91.7,0
94.0,0
92.0,0
91.7,0
94.0,0
95.8,0
90.3,0
95.4,0
91.7,0
95.9,0
92.9,0
94.8,0
91.7,0
92.4,0
93.4,0
91.9,0
90.8,0
94.2,0
94.1,0
93.4,0
94.1,0
93.7,0
94.7,0
92.1,0
93.3,0
93.1,0
95.7,0
91.1,0
90.6,0
94.4,0
90.2,0
90.9,0
93.3,0
90.9,0
95.0,0
92.0,0
92.6,0
90.4,0
92.2,0
92.8,0
95.3,0
92.2,0
92.7,0
94.9,0
92.9,0
91.2,0
93.5,0
92.8,0
95.0,0
92.2,0
95.7,0
95.2,0
91.9,0
93.3,0
93.5,0
93.7,0
92.5,0
90.9,0
94.0,0
90.9,0
95.9,0
94.7,0
94.5,0
95.7,0
94.6,0
90.2,0
94.8,0
90.6,0
93.2,0
93.2,0
91.4,0
94.4,0
94.5,0
94.0,0
91.3,0
93.6,0
92.2,0
93.2,0
90.8,0
90.8,0
92.3,0
95.6,0
91.4,0
93.8,0
90.1,0
93.9,0
92.6,0
90.9,0
92.4,0
95.4,0
90.1,0
95.2,0
91.4,0
92.4,0
93.8,0
94.1,0
93.0,0
95.1,0
91.1,0
96.0,0
91.1,0
90.3,0
91.3,0
91.6,0
92.1,0
95.9,0
92.0,0
94.3,0
91.9,0
94.3,0
93.4,0
95.2,0
91.9,0
94.8,0
91.1,0
93.4,0
95.1,0
95.5,0
94.4,0
90.9,0
90.7,0
90.9,0
95.3,0
93.7,0
91.5,0
94.5,0
92.2,0
91.2,0
91.5,0
95.2,0
94.7,0
95.8,0
90.6,0
90.6,0
94.2,0
94.8,0
91.1,0
93.9,0
90.8,0
94.0,0
93.7,0
91.6,0
91.7,0
91.3,0
95.5,0
94.6,0
90.6,0
95.5,0
91.1,0
94.2,0
93.4,0
92.3,0
92.0,0
90.3,0
95.4,0
90.0,0
94.1,0
93.8,0
93.8,0
91.7,0
92.3,0
90.5,0
94.1,0
92.0,0
94.2,0
91.9,0
95.0,0
92.5,0
91.4,0
91.8,0
96.0,0
93.0,0
92.3,0
92.1,0
90.3,0
90.3,0
94.3,0
95.7,0
94.9,0
95.3,0
90.0,0
90.9,0
92.0,0
90.1,0
95.6,0
91.4,0
93.2,0
93.3,0
91.8,0
91.8,0
92.2,0
90.5,0
95.8,0
95.1,0
93.6,0
94.0,0
93.8,0
90.0,0
92.5,0
90.8,0
90.9,0
92.5,0
93.4,0
90.6,0
92.2,0
94.7,0
90.4,0
93.7,0
93.9,0
94.7,0
94.4,0
90.8,0
92.1,0
92.1,0
91.3,0
94.7,0
90.2,0
92.5,0
92.3,0
94.8,0
91.0,0
90.8,0
90.9,0
94.1,0
95.1,0
91.1,0
94.6,0
95.0,0
92.4,0
93.5,0
95.9,0
93.2,0
90.5,0
91.6,0
95.5,0
95.8,0
93.4,0
91.2,0
90.8,0
90.9,0
94.8,0
95.1,0
90.0,0
95.5,0
91.3,0
94.0,0
95.5,0
93.0,0
93.9,0
93.6,0
92.5,0
95.0,0
92.1,0
92.0,0
90.7,0
92.3,0
93.5,0
95.8,0
94.0,0
93.4,0
92.0,0
92.3,0
94.6,0
94.0,0
94.0,0
90.1,0
90.9,0
91.8,0
91.6,0
94.4,0
92.7,0
93.7,0
90.9,0
94.9,0
94.5,0
90.9,0
91.1,0
95.7,0
91.0,0
94.8,0
91.2,0
92.3,0
90.8,0
91.3,0
91.3,0
90.1,0
91.9,0
92.9,0
90.2,0
93.8,0
91.4,0
91.6,0
95.0,0
91.9,0
94.1,0
91.5,0
95.4,0
95.4,0
94.7,0
92.7,0
90.0,0
93.9,0
90.6,0
90.1,0
95.6,0
95.5,0
95.3,0
91.7,0
94.1,0
95.0,0
95.0,0
95.7,0
94.6,0
90.4,0
94.1,0
93.3,0
94.9,0
91.5,0
95.6,0
92.7,0
93.4,0
91.4,0
93.1,0
92.2,0
94.0,0
93.5,0
95.9,0
90.5,0
91.8,0
95.3,0
92.3,0
92.6,0
95.8,0
90.2,0
93.5,0
94.4,0
93.7,0
93.6,0
93.8,0
92.3,0
94.2,0
90.1,0
92.6,0
93.6,0
91.3,0
93.8,0
90.3,0
92.0,0
91.0,0
93.8,0
95.9,0
94.0,0
92.2,0
93.0,0
91.7,0
90.4,0
94.4,0
91.7,0
95.1,0
90.3,0
94.3,0
95.8,0
92.8,0
93.9,0
94.6,0
93.7,0
90.6,0
92.2,0
93.2,0
90.9,0
95.7,0
91.8,0
94.6,0
91.2,0
94.1,0
90.4,0
94.7,0
91.3,0
90.6,0
93.8,0
94.0,0
95.3,0
93.9,0
95.0,0
90.7,0
92.2,0
90.6,0
92.3,0
95.2,0
95.6,0
95.9,0
90.0,0
91.4,0
94.0,0
94.9,0
91.0,0
95.6,0
91.8,0
91.8,0
92.7,0
94.7,0
92.0,0
93.1,0
90.6,0
94.9,0
91.3,0
93.5,0
91.3,0
94.2,0
93.5,0
91.2,0
91.0,0
92.6,0
90.2,0
93.4,0
95.3,0
95.3,0
95.3,0
94.3,0
93.2,0
91.9,0
90.8,0
95.8,0
94.3,0
93.4,0
90.8,0
91.5,0
95.4,0
90.2,0
95.8,0
95.8,0
94.1,0
92.0,0
93.9,0
96.0,0
91.3,0
94.6,0
95.1,0
95.3,0
95.7,0
91.3,0
92.2,0
94.7,0
90.4,0
92.7,0
94.0,0
92.6,0
93.5,0
94.3,0
91.9,0
92.5,0
94.6,0
94.5,0
94.2,0
94.2,0
90.1,0
91.5,0
90.5,0
92.6,0
92.8,0
93.1,0
92.0,0
95.8,0
93.5,0
94.3,0
90.9,0
90.8,0
90.5,0
92.0,0
92.2,0
90.2,0
91.8,0
92.0,0
93.4,0
92.8,0
95.0,0
94.8,0
94.1,0
95.3,0
93.5,0
92.1,0
94.4,0
91.9,0
93.4,0
95.2,0
95.6,0
91.1,0
95.0,0
92.1,0
93.2,0
91.6,0
95.5,0
95.7,0
91.0,0
92.1,0
95.7,0
90.2,0
95.3,0
93.2,0
93.6,0
92.8,0
90.4,0
95.2,0
91.7,0
91.8,0
93.1,0
91.6,0
93.5,0
95.2,0
94.6,0
90.2,0
94.1,0
95.1,0
94.0,0
90.7,0
94.6,0
90.0,0
92.3,0
91.3,0
92.6,0
95.9,0
93.9,0
95.4,0
95.4,0
92.3,0
92.8,0
92.8,0
90.1,0
92.9,0
94.7,0
95.1,0
93.1,0
92.6,0
94.8,0
94.1,0
90.1,0
90.3,0
92.5,0
95.9,0
95.0,0
91.4,0
92.0,0
94.4,0
95.0,0
92.2,0
95.7,0
95.2,0
93.4,0
95.3,0
90.6,0
94.8,0
90.3,0
94.0,0
95.1,0
94.4,0
93.5,0
93.2,0
95.4,0
94.1,0
90.7,0
93.5,0
92.0,0
94.7,0
90.8,0
90.3,0
95.8,0
94.8,0
95.4,0
93.3,0
95.5,0
91.4,0
95.9,0
90.4,0
90.3,0
90.7,0
92.9,0
95.5,0
92.1,0
93.8,0
93.9,0
91.6,0
90.7,0
92.7,0
90.3,0
93.1,0
90.4,0
92.3,0
95.7,0
91.0,0
91.5,0
93.2,0
95.0,0
90.7,0
90.1,0
91.1,0
94.2,0
91.1,0
94.1,0
90.4,0
93.6,0
92.8,0
92.6,0
91.8,0
93.8,0
90.4,0
92.0,0
94.2,0
94.8,0
91.9,0
94.6,0
90.6,0
94.4,0
95.3,0
92.3,0
92.9,0
93.7,0
90.8,0
93.8,0
93.0,0
93.0,0
94.0,0
91.0,0
90.1,0
92.7,0
90.1,0
91.4,0
94.1,0
93.7,0
93.1,0
94.4,0
94.4,0
95.6,0
93.3,0
91.6,0
94.2,0
94.0,0
91.6,0
92.5,0
91.1,0
93.1,0
91.7,0
90.1,0
91.9,0
93.9,0
90.3,0
94.8,0
94.9,0
94.4,0
95.4,0
94.0,0
94.8,0
91.8,0
91.8,0
95.2,0
93.6,0
94.8,0
93.2,0
95.3,0
94.2,0
91.5,0
95.3,0
90.5,0
91.4,0
92.8,0
93.3,0
94.7,0
92.7,0
91.0,0
94.4,0
94.3,0
92.5,0
92.7,0
93.1,0
94.1,0
90.7,0
91.7,0
92.7,0
90.4,0
91.3,0
94.6,0
94.1,0
92.5,0
91.3,0
95.7,0
91.1,0
93.5,0
94.9,0
90.8,0
90.8,0
95.4,0
95.8,0
94.8,0
93.0,0
92.0,0
90.3,0
94.6,0
93.5,0
91.3,0
95.0,0
91.0,0
95.6,0
93.5,0
93.1,0
92.6,0
91.7,0
93.6,0
92.4,0
91.5,0
93.9,0
92.5,0
90.8,0
94.1,0
91.6,0
93.6,0
92.4,0
93.4,0
95.7,0
95.7,0
95.6,0
95.0,0
95.4,0
91.1,0
91.2,0
92.8,0
91.9,0
90.2,0
93.4,0
95.7,0
91.3,0
91.0,0
94.6,0
91.4,0
95.1,0
93.9,0
95.4,0
91.6,0
90.2,0
90.1,0
93.2,0
93.8,0
95.7,0
91.6,0
93.3,0
95.0,0
94.6,0
90.3,0
90.0,0
91.9,0
92.7,0
94.2,0
90.6,0
91.6,0
90.2,0
95.3,0
95.3,0
95.6,0
95.6,0
94.7,0
90.8,0
92.3,0
92.5,0
92.9,0
93.0,0
95.3,0
95.8,0
92.4,0
91.7,0
94.1,0
95.1,0
94.4,0
94.4,0
91.6,0
90.9,0
91.7,0
94.3,0
91.6,0
92.2,0
92.8,0
94.8,0
95.4,0
94.2,0
93.2,0
93.9,0
95.5,0
91.9,0
94.4,0
90.3,0
96.0,0
94.1,0
94.3,0
94.7,0
94.4,0
93.7,0
92.9,0
90.3,0
95.7,0
95.4,0
92.7,0
90.5,0
90.2,0
93.4,0
90.9,0
95.5,0
94.9,0
94.1,0
94.1,0
92.7,0
91.8,0
94.0,0
95.9,0
94.8,0
96.0,0
94.7,0
91.1,0
92.1,0
95.0,0
91.3,0
91.8,0
91.9,0
95.0,0
95.2,0
91.1,0
91.6,0
93.0,0
92.0,0
96.0,0
90.7,0
93.1,0
92.5,0
92.1,0
90.2,0
90.8,0
90.2,0
92.1,0
91.2,0
91.7,0
93.7,0
93.3,0
95.3,0
94.1,0
91.1,0
91.3,0
95.6,0
90.4,0
92.7,0
95.6,0
92.6,0
95.7,0
92.5,0
94.8,0
95.1,0
91.0,0
94.4,0
90.0,0
92.8,0
93.2,0
91.7,0
94.0,0
92.1,0
93.8,0
92.2,0
93.3,0
95.9,0
93.2,0
92.6,0
92.5,0
92.5,0
91.7,0
95.1,0
91.0,0
91.2,0
90.9,0
95.1,0
91.1,0
90.7,0
96.6,1
96.8,1
96.3,1
96.3,1
96.8,1
96.9,1
96.9,1
96.2,1
96.7,1
96.7,1
96.3,1
96.2,1
96.4,1
96.4,1
96.5,1
96.6,1
96.4,1
96.8,1
96.5,1
96.5,1
96.5,1
96.6,1
96.3,1
96.5,1
96.5,1
96.3,1
96.7,1
96.8,1
97.0,1
96.2,1
96.7,1
96.8,1
96.8,1
96.2,1
96.6,1
96.2,1
96.4,1
96.8,1
96.8,1
96.4,1
96.1,1
96.2,1
96.1,1
96.6,1
96.8,1
96.1,1
96.2,1
96.5,1
96.3,1
96.1,1
96.6,1
97.0,1
96.1,1
97.0,1
96.5,1
96.8,1
96.5,1
96.5,1
96.4,1
96.8,1
96.2,1
96.2,1
96.1,1
96.1,1
96.1,1
96.0,1
96.2,1
96.4,1
96.8,1
96.4,1
96.6,1
96.9,1
96.8,1
96.5,1
96.4,1
96.7,1
96.9,1
97.0,1
96.8,1
96.3,1
96.6,1
96.8,1
96.1,1
96.4,1
96.7,1
96.7,1
96.1,1
96.5,1
96.1,1
96.0,1
96.6,1
96.5,1
96.9,1
96.7,1
96.5,1
96.2,1
96.2,1
96.7,1
96.5,1
96.2,1
96.9,1
96.7,1
96.5,1
96.3,1
96.2,1
96.7,1
96.2,1
97.0,1
96.6,1
96.4,1
96.6,1
96.4,1
96.5,1
96.1,1
96.1,1
96.1,1
96.1,1
96.8,1
96.9,1
96.1,1
96.6,1
96.3,1
96.5,1
96.9,1
96.9,1
96.6,1
96.5,1
96.7,1
96.1,1
96.4,1
96.9,1
96.9,1
96.1,1
97.0,1
96.9,1
96.9,1
96.2,1
96.7,1
96.6,1
96.4,1
96.2,1
96.5,1
96.5,1
96.7,1
97.0,1
96.5,1
96.9,1
96.8,1
96.8,1
96.8,1
96.8,1
96.4,1
96.6,1
96.1,1
96.6,1
96.6,1
96.4,1
96.2,1
96.0,1
96.3,1
96.2,1
96.1,1
96.6,1
96.3,1
96.7,1
96.8,1
96.9,1
96.1,1
96.1,1
96.7,1
96.9,1
96.2,1
96.9,1
96.1,1
96.7,1
96.1,1
97.0,1
96.9,1
96.5,1
96.9,1
96.5,1
96.2,1
96.7,1
96.3,1
96.5,1
96.2,1
97.0,1
96.9,1
96.8,1
96.8,1
96.0,1
96.6,1
96.4,1
96.6,1
96.4,1
96.8,1
96.5,1
96.3,1
96.8,1
97.0,1
96.1,1
96.2,1
96.8,1
96.3,1
96.9,1
96.4,1
96.7,1
96.9,1
96.2,1
96.2,1
96.1,1
96.7,1
96.8,1
96.8,1
96.1,1
96.5,1
96.5,1
96.2,1
96.6,1
96.3,1
96.8,1
97.0,1
97.0,1
96.3,1
96.5,1
96.3,1
96.3,1
96.9,1
96.4,1
96.9,1
96.6,1
96.8,1
96.1,1
96.6,1
96.8,1
96.6,1
96.6,1
96.7,1
96.4,1
96.6,1
96.8,1
96.2,1
96.4,1
96.8,1
96.3,1
96.5,1
96.2,1
96.7,1
96.6,1
96.3,1
96.7,1
96.9,1
96.1,1
96.8,1
96.7,1
96.4,1
96.7,1
96.5,1
96.1,1
96.0,1
96.6,1
96.0,1
97.0,1
96.7,1
96.7,1
96.1,1
96.4,1
96.5,1
96.4,1
96.1,1
96.7,1
96.6,1
96.7,1
96.5,1
96.7,1
96.7,1
96.7,1
96.1,1
96.7,1
96.8,1
96.5,1
96.3,1
96.6,1
96.9,1
96.1,1
96.7,1
96.5,1
96.4,1
96.1,1
96.8,1
96.7,1
96.1,1
97.0,1
96.4,1
96.7,1
96.8,1
96.6,1
96.8,1
96.4,1
96.8,1
96.5,1
96.5,1
97.0,1
96.8,1
96.3,1
96.6,1
97.0,1
96.5,1
96.0,1
96.1,1
96.0,1
96.3,1
96.5,1
96.1,1
96.4,1
96.9,1
96.9,1
96.2,1
96.9,1
96.1,1
96.8,1
96.4,1
96.5,1
96.9,1
96.7,1
96.7,1
97.0,1
96.1,1
96.7,1
96.0,1
96.8,1
97.0,1
96.2,1
97.0,1
96.7,1
96.4,1
96.1,1
96.2,1
96.4,1
96.3,1
96.1,1
96.5,1
96.6,1
96.6,1
96.2,1
96.1,1
96.4,1
96.4,1
96.4,1
96.9,1
96.8,1
96.9,1
96.1,1
96.9,1
96.3,1
97.0,1
96.6,1
96.3,1
96.1,1
96.2,1
96.8,1
96.3,1
97.0,1
96.3,1
96.7,1
96.2,1
96.7,1
96.5,1
97.0,1
96.5,1
96.6,1
96.2,1
96.4,1
96.2,1
96.3,1
96.8,1
96.5,1
96.9,1
96.2,1
96.6,1
96.6,1
97.0,1
96.8,1
96.7,1
96.5,1
96.6,1
96.8,1
96.9,1
96.4,1
96.4,1
96.6,1
96.2,1
96.1,1
96.7,1
96.7,1
96.9,1
96.1,1
96.6,1
96.9,1
96.1,1
96.5,1
96.3,1
96.2,1
96.7,1
96.6,1
96.8,1
96.5,1
96.7,1
96.1,1
97.0,1
96.1,1
96.7,1
96.3,1
96.0,1
97.0,1
96.5,1
96.1,1
96.6,1
96.5,1
96.9,1
96.2,1
96.6,1
96.2,1
96.7,1
96.4,1
96.1,1
96.7,1
96.9,1
96.8,1
96.3,1
96.3,1
96.7,1
96.7,1
96.8,1
96.6,1
96.8,1
96.4,1
96.3,1
96.8,1
96.8,1
96.3,1
96.4,1
96.8,1
96.2,1
96.1,1
96.7,1
96.7,1
96.8,1
96.2,1
96.3,1
96.0,1
96.2,1
96.4,1
97.0,1
96.6,1
96.6,1
96.2,1
96.1,1
96.7,1
96.5,1
96.8,1
96.2,1
96.5,1
96.9,1
96.3,1
96.9,1
96.7,1
96.5,1
96.6,1
96.7,1
96.6,1
96.0,1
96.2,1
97.0,1
96.5,1
96.3,1
96.0,1
96.0,1
96.3,1
96.7,1
96.6,1
96.5,1
97.0,1
96.2,1
96.9,1
96.5,1
96.4,1
96.1,1
96.1,1
96.1,1
96.0,1
96.1,1
96.5,1
96.5,1
96.2,1
96.2,1
97.0,1
96.2,1
96.7,1
96.3,1
96.4,1
96.3,1
96.1,1
96.8,1
96.6,1
96.8,1
96.8,1
97.0,1
96.3,1
96.2,1
96.9,1
96.9,1
96.0,1
96.5,1
96.0,1
96.3,1
96.8,1
96.3,1
96.5,1
96.9,1
96.3,1
96.5,1
96.4,1
96.6,1
96.2,1
96.4,1
96.4,1
96.2,1
96.9,1
96.3,1
96.9,1
96.3,1
96.4,1
96.0,1
96.7,1
96.8,1
96.6,1
97.0,1
96.3,1
97.0,1
96.7,1
96.9,1
96.2,1
96.9,1
96.2,1
96.3,1
96.4,1
96.0,1
96.3,1
96.6,1
96.5,1
96.4,1
96.0,1
96.4,1
96.5,1
96.1,1
96.5,1
96.1,1
96.9,1
96.2,1
96.4,1
96.6,1
96.3,1
96.5,1
96.9,1
96.3,1
96.7,1
96.6,1
96.8,1
96.4,1
96.1,1
96.6,1
96.4,1
96.1,1
97.0,1
96.1,1
96.6,1
96.4,1
97.0,1
96.8,1
96.9,1
96.0,1
96.4,1
96.8,1
96.1,1
96.8,1
96.5,1
96.3,1
96.2,1
96.6,1
96.5,1
96.1,1
96.3,1
96.0,1
96.5,1
96.7,1
96.8,1
96.6,1
96.0,1
96.6,1
96.6,1
96.7,1
96.4,1
96.2,1
96.1,1
97.0,1
96.4,1
96.2,1
96.8,1
96.3,1
96.6,1
96.6,1
96.2,1
96.4,1
96.7,1
96.4,1
96.6,1
96.6,1
96.6,1
96.3,1
96.8,1
96.3,1
96.7,1
96.9,1
96.4,1
96.3,1
96.4,1
96.1,1
96.2,1
96.7,1
96.0,1
96.6,1
96.1,1
96.4,1
96.7,1
96.9,1
96.3,1
97.0,1
96.2,1
96.2,1
96.4,1
96.7,1
96.8,1
96.8,1
96.5,1
96.3,1
96.2,1
96.7,1
96.4,1
96.7,1
96.8,1
97.0,1
96.9,1
96.1,1
96.3,1
96.7,1
96.8,1
96.7,1
96.7,1
96.6,1
96.9,1
96.2,1
96.5,1
96.9,1
96.6,1
96.4,1
96.7,1
96.5,1
96.1,1
96.8,1
96.2,1
96.7,1
96.2,1
96.6,1
96.2,1
96.6,1
97.0,1
97.0,1
96.5,1
96.1,1
96.2,1
96.1,1
96.8,1
96.3,1
96.5,1
96.9,1
96.4,1
96.5,1
96.1,1
96.7,1
96.6,1
96.4,1
96.6,1
96.2,1
96.9,1
96.4,1
96.4,1
96.2,1
96.3,1
96.9,1
96.4,1
96.0,1
96.0,1
96.3,1
96.4,1
96.2,1
96.1,1
96.9,1
96.6,1
96.1,1
96.2,1
96.1,1
96.8,1
96.7,1
96.0,1
96.1,1
96.1,1
96.5,1
96.8,1
96.4,1
96.5,1
96.5,1
96.8,1
96.6,1
96.5,1
96.3,1
96.1,1
96.3,1
96.6,1
96.7,1
96.2,1
96.4,1
96.7,1
96.5,1
96.4,1
96.6,1
96.7,1
96.9,1
96.7,1
96.9,1
96.8,1
96.8,1
96.4,1
96.5,1
97.0,1
96.5,1
96.7,1
96.3,1
96.4,1
96.4,1
96.6,1
96.4,1
96.8,1
96.3,1
96.6,1
96.6,1
96.9,1
96.6,1
96.1,1
96.5,1
96.7,1
96.8,1
96.5,1
96.8,1
96.6,1
96.4,1
96.1,1
96.5,1
96.3,1
96.0,1
96.5,1
96.0,1
96.4,1
96.8,1
96.2,1
96.6,1
96.8,1
96.0,1
96.9,1
96.5,1
96.2,1
97.0,1
97.0,1
96.1,1
96.6,1
96.2,1
97.0,1
96.5,1
96.6,1
96.3,1
96.7,1
96.5,1
96.8,1
96.8,1
96.3,1
96.2,1
96.6,1
96.1,1
96.8,1
97.0,1
96.2,1
96.1,1
96.6,1
96.9,1
96.2,1
96.3,1
96.7,1
96.0,1
97.0,1
96.0,1
96.3,1
96.5,1
96.9,1
96.8,1
96.0,1
96.2,1
96.4,1
97.0,1
96.7,1
96.2,1
96.5,1
96.0,1
96.1,1
96.5,1
96.0,1
96.4,1
96.4,1
96.8,1
96.3,1
96.2,1
96.6,1
96.2,1
96.1,1
96.9,1
96.1,1
96.5,1
96.8,1
96.1,1
96.4,1
96.4,1
96.9,1
96.4,1
96.3,1
96.2,1
97.0,1
96.5,1
96.7,1
96.3,1
96.3,1
96.5,1
96.4,1
96.1,1
96.3,1
96.6,1
96.4,1
96.1,1
96.1,1
96.8,1
96.0,1
96.1,1
96.9,1
96.3,1
96.2,1
96.6,1
96.4,1
96.9,1
96.1,1
96.8,1
96.5,1
96.3,1
96.2,1
96.8,1
96.7,1
96.8,1
96.5,1
96.5,1
96.5,1
96.2,1
96.3,1
96.2,1
96.0,1
96.4,1
96.6,1
96.2,1
96.2,1
96.2,1
96.1,1
96.1,1
96.5,1
96.9,1
96.7,1
96.5,1
96.7,1
96.7,1
96.2,1
96.9,1
96.8,1
96.2,1
96.5,1
96.3,1
96.9,1
96.5,1
96.7,1
96.2,1
96.8,1
96.4,1
96.6,1
96.4,1
96.2,1
96.1,1
96.1,1
96.8,1
96.6,1
96.3,1
96.1,1
96.4,1
96.7,1
96.9,1
96.9,1
96.8,1
97.0,1
96.5,1
96.8,1
96.3,1
96.6,1
96.7,1
96.9,1
96.9,1
96.6,1
96.9,1
96.4,1
96.9,1
96.5,1
96.0,1
96.2,1
96.8,1
96.5,1
96.1,1
96.2,1
96.0,1
96.6,1
96.3,1
96.5,1
96.4,1
96.3,1
96.1,1
96.5,1
96.9,1
96.7,1
97.0,1
96.3,1
96.1,1
96.2,1
96.8,1
96.5,1
96.6,1
96.4,1
96.7,1
96.9,1
96.7,1
96.7,1
96.2,1
96.0,1
96.4,1
96.5,1
96.3,1
96.1,1
96.2,1
96.9,1
96.6,1
96.2,1
96.6,1
96.6,1
96.4,1
96.4,1
96.1,1
96.7,1
96.8,1
96.6,1
96.9,1
96.2,1
96.5,1
96.2,1
96.4,1
96.1,1
97.0,1
96.3,1
96.4,1
96.2,1
96.4,1
96.3,1
96.5,1
96.2,1
96.6,1
96.5,1
96.8,1
96.5,1
96.3,1
96.2,1
96.9,1
97.3,2
99.5,2
99.2,2
98.9,2
98.9,2
98.6,2
98.2,2
98.7,2
97.6,2
98.0,2
98.7,2
97.2,2
99.1,2
97.1,2
98.5,2
97.9,2
97.5,2
97.9,2
97.0,2
98.5,2
99.8,2
97.1,2
97.4,2
99.3,2
98.6,2
99.6,2
99.2,2
99.2,2
99.8,2
99.4,2
97.3,2
99.3,2
97.7,2
98.7,2
97.1,2
99.2,2
99.5,2
97.9,2
97.2,2
99.6,2
99.2,2
98.1,2
99.6,2
99.4,2
98.1,2
99.0,2
99.3,2
99.4,2
99.6,2
99.0,2
97.5,2
99.2,2
99.2,2
97.0,2
97.7,2
97.1,2
99.2,2
97.5,2
98.9,2
99.0,2
97.4,2
99.3,2
97.4,2
97.6,2
98.7,2
98.2,2
97.6,2
98.8,2
99.6,2
97.6,2
98.3,2
97.7,2
99.7,2
97.7,2
99.5,2
99.2,2
98.7,2
98.0,2
99.3,2
97.7,2
97.1,2
98.8,2
97.0,2
99.5,2
98.0,2
98.8,2
98.2,2
99.3,2
98.6,2
97.6,2
98.1,2
98.9,2
98.4,2
99.6,2
97.7,2
99.6,2
99.1,2
98.0,2
97.5,2
99.7,2
97.8,2
98.2,2
97.7,2
99.6,2
97.2,2
99.3,2
98.2,2
98.8,2
99.3,2
99.2,2
99.3,2
99.2,2
98.3,2
98.1,2
99.1,2
98.7,2
99.0,2
98.4,2
99.0,2
99.4,2
99.9,2
98.1,2
99.0,2
98.1,2
98.2,2
98.6,2
99.7,2
98.8,2
98.0,2
99.8,2
98.2,2
98.7,2
97.5,2
99.4,2
98.6,2
98.0,2
98.4,2
97.1,2
98.9,2
97.4,2
99.4,2
98.4,2
99.0,2
97.3,2
99.7,2
97.8,2
98.8,2
99.4,2
99.1,2
98.8,2
100.0,2
99.0,2
99.2,2
98.9,2
97.7,2
98.1,2
99.7,2
97.5,2
97.8,2
97.2,2
99.0,2
99.2,2
99.1,2
99.7,2
97.9,2
97.4,2
97.7,2
99.2,2
98.9,2
98.6,2
99.0,2
99.2,2
99.7,2
97.9,2
97.9,2
99.2,2
99.1,2
98.7,2
98.8,2
97.0,2
98.3,2
98.3,2
98.5,2
99.0,2
98.3,2
98.0,2
97.2,2
98.3,2
98.2,2
98.7,2
97.4,2
97.9,2
99.1,2
98.8,2
98.4,2
98.3,2
99.0,2
99.6,2
99.3,2
99.6,2
97.8,2
97.2,2
99.1,2
97.8,2
98.6,2
98.3,2
98.1,2
97.7,2
99.7,2
97.9,2
98.0,2
98.9,2
97.2,2
99.6,2
99.3,2
97.6,2
97.0,2
98.7,2
97.5,2
99.3,2
98.6,2
99.1,2
98.7,2
97.2,2
99.5,2
97.4,2
99.4,2
99.0,2
99.8,2
97.9,2
99.1,2
98.4,2
98.0,2
97.6,2
97.4,2
98.1,2
99.1,2
99.8,2
98.8,2
98.5,2
98.9,2
98.3,2
99.8,2
99.2,2
99.3,2
97.1,2
99.4,2
98.3,2
98.5,2
97.6,2
97.6,2
97.5,2
97.4,2
99.9,2
98.7,2
99.7,2
99.9,2
98.3,2
97.9,2
100.0,2
99.1,2
97.7,2
99.6,2
99.2,2
98.2,2
97.5,2
98.4,2
99.6,2
98.9,2
97.5,2
98.0,2
97.7,2
97.2,2
99.0,2
99.9,2
97.9,2
99.5,2
99.4,2
98.7,2
97.3,2
99.4,2
97.2,2
99.7,2
97.3,2
98.0,2
98.1,2
97.2,2
98.5,2
99.3,2
99.4,2
98.3,2
97.4,2
97.3,2
97.2,2
97.7,2
99.5,2
98.2,2
99.7,2
97.2,2
97.3,2
98.3,2
97.7,2
97.6,2
99.5,2
99.9,2
97.3,2
98.6,2
97.4,2
99.2,2
99.5,2
97.5,2
99.6,2
97.4,2
99.8,2
97.9,2
97.6,2
99.2,2
97.7,2
97.4,2
98.6,2
98.2,2
98.0,2
98.4,2
97.4,2
99.0,2
97.3,2
99.2,2
99.3,2
98.4,2
99.5,2
98.3,2
97.0,2
98.4,2
99.7,2
97.3,2
98.7,2
97.5,2
99.9,2
99.0,2
99.4,2
97.8,2
97.6,2
98.5,2
97.3,2
99.8,2
98.2,2
98.6,2
97.6,2
97.1,2
98.3,2
99.9,2
99.0,2
99.8,2
99.1,2
99.3,2
97.2,2
97.2,2
99.7,2
97.1,2
97.3,2
97.7,2
98.6,2
99.3,2
99.2,2
98.7,2
97.9,2
98.5,2
97.2,2
97.6,2
98.7,2
99.3,2
99.0,2
97.4,2
98.5,2
98.3,2
97.1,2
99.8,2
98.1,2
99.8,2
99.8,2
98.8,2
97.2,2
98.7,2
97.3,2
99.7,2
99.7,2
99.6,2
97.1,2
99.7,2
97.2,2
100.0,2
98.1,2
97.8,2
98.2,2
99.9,2
98.8,2
98.0,2
98.4,2
98.3,2
98.9,2
97.0,2
97.8,2
98.1,2
100.0,2
99.2,2
97.6,2
98.4,2
98.2,2
99.0,2
97.8,2
98.0,2
99.0,2
97.7,2
99.6,2
97.1,2
98.5,2
97.1,2
99.6,2
97.4,2
99.4,2
99.2,2
99.4,2
98.7,2
97.8,2
99.0,2
98.7,2
99.2,2
97.6,2
98.1,2
97.0,2
98.4,2
99.1,2
98.3,2
98.7,2
99.9,2
97.9,2
98.9,2
97.8,2
97.5,2
97.4,2
98.2,2
98.5,2
98.6,2
97.2,2
98.9,2
99.9,2
99.0,2
99.6,2
98.3,2
97.7,2
99.1,2
98.9,2
97.0,2
98.5,2
97.2,2
97.5,2
98.7,2
97.1,2
97.0,2
97.2,2
97.8,2
99.2,2
97.9,2
99.8,2
97.1,2
97.6,2
98.7,2
97.5,2
98.8,2
98.5,2
98.5,2
97.4,2
99.1,2
99.5,2
98.3,2
97.5,2
97.8,2
99.6,2
98.6,2
98.9,2
97.3,2
98.4,2
99.1,2
99.7,2
98.4,2
98.8,2
97.5,2
99.6,2
99.1,2
99.5,2
97.7,2
98.2,2
99.5,2
97.9,2
99.9,2
97.7,2
97.0,2
99.8,2
98.3,2
98.1,2
97.8,2
98.7,2
97.2,2
99.7,2
97.9,2
98.1,2
97.9,2
97.2,2
98.5,2
98.4,2
99.0,2
97.1,2
97.5,2
97.9,2
98.9,2
99.0,2
98.9,2
98.6,2
99.6,2
97.9,2
97.5,2
99.3,2
98.7,2
99.4,2
99.3,2
97.0,2
98.7,2
98.6,2
99.4,2
97.4,2
98.1,2
98.2,2
100.0,2
99.3,2
97.9,2
97.5,2
99.2,2
99.4,2
99.0,2
99.0,2
97.6,2
98.5,2
97.0,2
98.5,2
97.3,2
99.3,2
99.8,2
97.7,2
97.7,2
97.4,2
97.1,2
98.8,2
98.9,2
99.3,2
99.4,2
97.3,2
98.2,2
98.2,2
98.0,2
98.9,2
97.0,2
99.7,2
97.4,2
99.8,2
98.7,2
99.0,2
98.3,2
97.9,2
97.2,2
99.8,2
99.0,2
97.6,2
99.4,2
99.2,2
99.5,2
99.7,2
99.5,2
97.7,2
97.1,2
97.0,2
98.5,2
98.0,2
97.8,2
98.7,2
99.9,2
99.1,2
97.4,2
99.1,2
97.4,2
97.4,2
99.0,2
97.9,2
97.1,2
97.4,2
97.2,2
98.9,2
98.8,2
98.3,2
99.1,2
99.5,2
97.9,2
98.9,2
99.6,2
99.3,2
99.8,2
99.7,2
97.1,2
98.1,2
97.4,2
98.4,2
97.2,2
98.3,2
97.5,2
97.6,2
99.5,2
99.1,2
98.3,2
98.7,2
98.2,2
98.4,2
97.2,2
99.1,2
98.5,2
98.3,2
97.8,2
99.5,2
98.7,2
97.3,2
99.9,2
100.0,2
98.0,2
100.0,2
99.2,2
99.9,2
98.2,2
99.9,2
97.8,2
98.8,2
97.6,2
99.6,2
99.8,2
98.1,2
98.9,2
97.9,2
98.6,2
99.5,2
99.7,2
98.3,2
97.6,2
97.7,2
99.7,2
98.3,2
98.0,2
99.5,2
99.9,2
98.3,2
99.2,2
97.1,2
98.2,2
98.1,2
97.2,2
99.1,2
98.2,2
98.8,2
98.5,2
98.2,2
99.9,2
97.6,2
99.3,2
97.5,2
97.6,2
97.0,2
99.4,2
99.0,2
99.1,2
98.7,2
98.4,2
98.9,2
98.6,2
97.8,2
98.7,2
100.0,2
98.0,2
97.6,2
98.5,2
97.1,2
97.7,2
99.5,2
99.1,2
98.9,2
97.6,2
97.0,2
97.3,2
99.0,2
97.0,2
99.4,2
99.5,2
98.9,2
97.4,2
99.6,2
99.9,2
98.0,2
97.9,2
98.9,2
99.9,2
97.3,2
97.0,2
99.8,2
98.0,2
97.6,2
98.9,2
98.7,2
97.1,2
99.6,2
99.7,2
99.6,2
99.3,2
98.3,2
99.0,2
98.3,2
99.3,2
97.6,2
98.8,2
99.9,2
99.5,2
99.6,2
99.0,2
97.9,2
98.6,2
99.6,2
98.7,2
98.6,2
98.8,2
98.0,2
97.2,2
100.0,2
99.3,2
98.1,2
99.7,2
99.7,2
97.2,2
98.9,2
99.5,2
98.9,2
97.8,2
98.3,2
98.9,2
98.0,2
97.7,2
97.5,2
98.3,2
98.1,2
97.3,2
97.2,2
97.6,2
98.4,2
98.7,2
98.6,2
97.9,2
98.5,2
99.3,2
98.1,2
98.8,2
98.7,2
97.1,2
99.8,2
99.0,2
98.6,2
99.1,2
99.2,2
99.4,2
97.6,2
99.3,2
97.1,2
98.7,2
98.9,2
99.1,2
99.3,2
98.9,2
97.3,2
98.8,2
99.4,2
98.0,2
97.5,2
97.5,2
97.6,2
98.9,2
99.8,2
97.8,2
99.3,2
98.7,2
98.4,2
99.4,2
97.4,2
99.8,2
100.0,2
99.5,2
97.5,2
98.4,2
97.2,2
98.1,2
97.9,2
98.0,2
99.9,2
97.9,2
97.7,2
99.9,2
99.5,2
98.3,2
99.0,2
98.1,2
98.6,2
97.3,2
98.9,2
98.0,2
99.2,2
99.2,2
98.1,2
98.6,2
99.0,2
98.1,2
97.2,2
97.5,2
98.8,2
99.0,2
99.6,2
98.4,2
98.9,2
97.2,2
99.5,2
98.0,2
99.5,2
97.8,2
99.3,2
99.8,2
98.1,2
99.0,2
97.1,2
97.2,2
98.2,2
98.2,2
99.6,2
99.4,2
99.2,2
97.6,2
98.1,2
98.2,2
99.9,2
99.0,2
100.0,2
98.7,2
99.5,2
98.2,2
99.5,2
99.8,2
97.7,2
97.3,2
98.9,2
97.1,2
98.6,2
98.6,2
97.6,2
98.7,2
99.7,2
100.0,2
97.7,2
97.7,2
99.0,2
99.0,2
99.1,2
98.6,2
99.7,2
99.6,2
97.4,2
99.0,2
98.3,2
99.9,2
97.3,2
99.3,2
98.1,2
98.7,2
98.5,2
99.4,2
99.2,2
97.4,2
97.0,2
98.1,2
98.0,2
98.8,2
97.6,2
99.2,2
97.8,2
99.3,2
99.5,2
99.0,2
98.1,2
99.1,2
98.5,2
99.8,2
99.6,2
99.0,2
99.8,2
99.3,2
97.9,2
97.9,2
99.9,2
98.7,2
98.4,2
97.5,2
97.5,2
97.5,2
98.4,2
97.1,2
97.5,2
97.6,2
98.7,2
98.1,2
98.7,2
97.2,2
98.4,2
98.3,2
97.0,2
98.6,2
99.2,2
97.6,2
99.8,2
99.1,2
98.1,2
99.2,2
97.3,2
98.5,2
98.8,2
98.3,2
99.3,2
97.1,2
97.1,2
98.6,2
98.8,2
97.3,2
98.7,2
99.9,2
98.9,2
98.1,2
98.7,2
99.2,2
98.3,2
98.1,2
99.6,2
98.2,2
97.4,2
98.6,2
98.1,2
97.8,2
97.8,2
99.4,2
99.9,2
98.0,2
99.9,2
99.9,2
98.0,2
99.4,2
97.5,2
97.8,2
97.3,2
98.1,2
97.2,2
97.2,2
97.4,2
98.7,2
97.1,2
99.6,2
98.2,2
97.1,2
97.2,2
99.3,2
98.0,2
97.4,2
97.1,2
98.0,2
98.0,2
98.7,2
97.3,2
98.1,2
98.8,2
97.7,2
97.6,2
97.2,2
99.1,2
97.1,2
97.6,2
98.4,2
98.0,2
98.3,2
98.0,2
98.8,2
97.6,2
98.5,2
99.1,2
98.5,2
99.3,2
100.7,3
101.7,3
102.7,3
103.7,3
103.8,3
102.9,3
103.4,3
102.6,3
100.0,3
100.4,3
100.8,3
101.9,3
103.4,3
102.1,3
103.9,3
102.0,3
103.0,3
102.0,3
101.9,3
101.9,3
103.2,3
103.0,3
103.1,3
102.9,3
103.6,3
103.0,3
103.4,3
101.4,3
100.8,3
104.0,3
103.8,3
102.8,3
103.3,3
101.3,3
101.1,3
102.5,3
101.6,3
103.2,3
103.5,3
101.1,3
101.9,3
101.6,3
101.2,3
103.9,3
100.4,3
103.9,3
103.9,3
102.3,3
101.9,3
101.0,3
102.0,3
103.7,3
102.9,3
103.5,3
101.4,3
101.5,3
101.2,3
103.2,3
101.8,3
101.2,3
101.0,3
102.8,3
103.0,3
100.7,3
102.8,3
103.0,3
103.1,3
102.9,3
102.0,3
101.1,3
103.0,3
102.7,3
102.3,3
100.9,3
103.1,3
103.6,3
100.5,3
100.8,3
103.5,3
103.3,3
100.3,3
102.7,3
100.3,3
102.4,3
102.2,3
101.2,3
100.2,3
100.5,3
102.8,3
101.8,3
102.5,3
101.8,3
101.0,3
102.5,3
101.2,3
101.4,3
103.4,3
100.0,3
100.6,3
101.2,3
102.6,3
102.4,3
103.9,3
101.0,3
103.6,3
102.1,3
102.8,3
102.2,3
101.8,3
103.4,3
103.6,3
103.2,3
103.4,3
100.9,3
100.3,3
103.7,3
103.4,3
101.4,3
102.6,3
103.4,3
102.5,3
100.8,3
102.7,3
101.4,3
101.1,3
100.3,3
102.1,3
103.4,3
104.0,3
103.4,3
100.9,3
103.4,3
101.7,3
100.9,3
100.2,3
101.5,3
102.8,3
103.7,3
102.9,3
100.0,3
102.6,3
100.2,3
102.5,3
103.8,3
101.1,3
100.1,3
102.5,3
103.7,3
102.7,3
103.5,3
102.1,3
102.9,3
101.7,3
100.7,3
102.7,3
102.6,3
101.6,3
101.8,3
100.5,3
102.0,3
103.7,3
101.6,3
101.6,3
102.4,3
103.5,3
100.3,3
100.6,3
100.9,3
102.3,3
102.3,3
103.1,3
102.5,3
100.1,3
102.0,3
102.6,3
100.9,3
101.4,3
103.3,3
102.2,3
103.4,3
104.0,3
103.0,3
103.1,3
101.7,3
102.1,3
103.9,3
103.4,3
101.5,3
101.0,3
101.3,3
101.4,3
102.3,3
103.5,3
103.1,3
101.2,3
102.9,3
103.6,3
102.0,3
100.3,3
102.3,3
103.7,3
100.1,3
103.0,3
103.0,3
100.3,3
101.6,3
103.5,3
101.6,3
101.8,3
101.5,3
103.0,3
103.6,3
100.0,3
101.7,3
100.4,3
100.7,3
102.5,3
101.1,3
103.3,3
103.1,3
102.9,3
102.5,3
103.9,3
101.9,3
102.5,3
102.4,3
103.5,3
100.7,3
102.8,3
101.9,3
103.0,3
101.9,3
103.4,3
103.3,3
103.6,3
101.3,3
102.7,3
102.5,3
100.4,3
103.4,3
102.9,3
103.5,3
103.7,3
101.0,3
100.1,3
101.8,3
102.5,3
100.9,3
103.0,3
102.9,3
101.3,3
102.9,3
101.3,3
100.8,3
101.7,3
102.5,3
102.7,3
103.6,3
102.2,3
102.9,3
103.9,3
101.5,3
102.7,3
103.2,3
101.1,3
102.2,3
100.2,3
100.1,3
102.8,3
100.3,3
100.9,3
103.2,3
103.3,3
101.2,3
101.8,3
101.1,3
102.8,3
103.5,3
101.9,3
104.0,3
103.1,3
101.2,3
103.4,3
100.6,3
100.9,3
101.3,3
102.1,3
101.3,3
102.7,3
103.1,3
102.5,3
100.0,3
101.4,3
100.8,3
101.8,3
102.0,3
103.7,3
102.8,3
100.7,3
103.0,3
103.0,3
102.0,3
102.6,3
102.2,3
103.6,3
100.2,3
101.9,3
101.3,3
103.4,3
100.5,3
100.0,3
101.6,3
102.9,3
102.8,3
101.7,3
100.5,3
100.1,3
101.9,3
102.0,3
100.2,3
104.0,3
102.1,3
103.0,3
100.9,3
100.4,3
103.8,3
102.9,3
101.8,3
103.5,3
101.5,3
100.4,3
100.5,3
100.2,3
102.0,3
102.8,3
100.2,3
102.6,3
100.5,3
100.9,3
103.5,3
103.8,3
101.5,3
102.3,3
103.9,3
103.9,3
101.7,3
101.2,3
103.5,3
102.3,3
102.1,3
103.1,3
101.5,3
103.8,3
103.3,3
100.7,3
100.5,3
102.8,3
101.3,3
100.4,3
101.7,3
100.0,3
100.7,3
103.6,3
101.3,3
100.4,3
100.3,3
102.8,3
102.8,3
102.4,3
102.2,3
101.8,3
102.8,3
100.6,3
100.7,3
100.4,3
103.1,3
100.6,3
103.0,3
101.0,3
102.7,3
101.1,3
100.1,3
101.8,3
101.9,3
100.6,3
100.8,3
103.6,3
103.4,3
102.4,3
102.4,3
100.6,3
103.2,3
100.2,3
100.6,3
102.5,3
101.8,3
103.0,3
100.8,3
101.0,3
100.9,3
102.8,3
101.0,3
100.4,3
101.5,3
101.8,3
100.8,3
103.5,3
100.0,3
102.7,3
101.1,3
100.8,3
103.4,3
101.4,3
101.1,3
100.1,3
101.1,3
102.9,3
100.3,3
103.5,3
101.1,3
101.3,3
101.3,3
100.7,3
103.7,3
103.4,3
101.5,3
100.1,3
103.5,3
101.6,3
103.0,3
103.6,3
101.5,3
102.3,3
101.8,3
102.4,3
101.4,3
103.4,3
102.9,3
103.1,3
101.3,3
103.6,3
103.1,3
102.5,3
100.5,3
100.5,3
101.9,3
101.5,3
101.6,3
101.7,3
103.2,3
102.3,3
101.3,3
101.1,3
102.2,3
103.1,3
100.0,3
102.2,3
103.1,3
103.6,3
104.0,3
103.7,3
103.5,3
103.3,3
101.5,3
103.2,3
102.0,3
101.2,3
101.1,3
102.4,3
101.8,3
100.6,3
100.5,3
101.0,3
100.6,3
100.8,3
102.0,3
100.5,3
101.5,3
101.8,3
100.2,3
103.5,3
100.4,3
103.9,3
102.5,3
101.2,3
100.8,3
102.7,3
100.6,3
102.1,3
102.9,3
102.2,3
102.1,3
102.9,3
100.1,3
102.1,3
103.1,3
103.0,3
101.4,3
101.5,3
103.6,3
100.7,3
102.6,3
101.1,3
100.5,3
102.8,3
100.8,3
103.2,3
100.7,3
103.7,3
100.7,3
103.5,3
102.9,3
102.3,3
100.5,3
100.7,3
104.0,3
101.1,3
103.4,3
101.3,3
100.7,3
101.2,3
102.3,3
100.2,3
100.7,3
102.6,3
103.9,3
102.0,3
101.8,3
100.7,3
102.4,3
102.5,3
102.4,3
101.7,3
102.9,3
103.4,3
102.9,3
102.2,3
104.0,3
103.8,3
103.9,3
102.2,3
102.3,3
100.2,3
101.9,3
102.2,3
102.8,3
100.6,3
103.4,3
102.6,3
101.5,3
102.2,3
100.8,3
101.7,3
101.1,3
102.9,3
101.5,3
100.0,3
102.2,3
102.6,3
102.1,3
102.3,3
102.4,3
103.5,3
102.9,3
102.0,3
101.9,3
103.3,3
100.9,3
102.2,3
101.9,3
100.2,3
101.5,3
101.0,3
103.9,3
103.2,3
100.7,3
103.0,3
101.5,3
101.5,3
103.5,3
103.5,3
102.1,3
100.4,3
100.7,3
103.6,3
101.9,3
101.1,3
101.9,3
102.6,3
100.2,3
102.5,3
100.4,3
100.1,3
101.8,3
101.4,3
100.4,3
102.5,3
101.9,3
103.2,3
103.8,3
102.1,3
100.3,3
102.3,3
102.2,3
101.1,3
103.2,3
102.8,3
102.7,3
101.3,3
103.9,3
100.2,3
100.7,3
103.4,3
101.2,3
103.0,3
102.7,3
103.7,3
103.9,3
100.1,3
103.8,3
103.0,3
102.6,3
102.5,3
100.7,3
103.4,3
103.6,3
100.1,3
102.4,3
102.2,3
100.9,3
100.3,3
104.0,3
100.0,3
101.7,3
100.8,3
100.6,3
101.8,3
103.6,3
101.4,3
102.3,3
102.5,3
101.1,3
102.2,3
101.2,3
102.2,3
103.2,3
101.8,3
101.1,3
102.9,3
102.1,3
101.6,3
100.2,3
102.6,3
103.9,3
103.3,3
100.7,3
102.9,3
100.4,3
101.1,3
102.0,3
102.7,3
100.8,3
101.5,3
102.2,3
103.1,3
103.6,3
102.1,3
101.8,3
101.3,3
101.8,3
101.6,3
101.2,3
102.6,3
102.2,3
100.6,3
101.3,3
102.4,3
100.7,3
104.0,3
103.8,3
102.0,3
102.5,3
101.3,3
103.8,3
103.2,3
101.6,3
102.0,3
100.9,3
101.7,3
102.0,3
102.1,3
101.2,3
103.8,3
102.0,3
103.5,3
100.9,3
100.5,3
103.3,3
101.2,3
103.9,3
101.5,3
103.8,3
102.1,3
101.3,3
101.3,3
101.5,3
101.9,3
103.1,3
102.0,3
102.6,3
100.5,3
103.6,3
103.8,3
104.0,3
103.0,3
103.7,3
102.4,3
103.3,3
101.4,3
102.1,3
101.3,3
102.5,3
103.9,3
102.7,3
100.0,3
101.2,3
103.2,3
104.0,3
103.3,3
102.0,3
100.3,3
102.2,3
102.8,3
100.4,3
103.7,3
103.9,3
101.7,3
101.0,3
101.6,3
100.0,3
102.8,3
100.3,3
103.8,3
100.8,3
100.2,3
100.6,3
103.8,3
102.8,3
103.4,3
103.8,3
102.1,3
103.3,3
101.5,3
102.0,3
100.8,3
102.2,3
101.7,3
100.1,3
103.8,3
100.7,3
103.1,3
100.7,3
100.2,3
100.6,3
101.5,3
101.5,3
100.4,3
102.3,3
100.8,3
102.0,3
102.2,3
100.5,3
102.3,3
103.1,3
101.0,3
102.7,3
101.8,3
102.3,3
103.5,3
102.4,3
101.3,3
102.9,3
103.9,3
103.1,3
103.4,3
101.9,3
103.6,3
100.2,3
102.7,3
103.9,3
102.8,3
102.2,3
100.3,3
102.5,3
103.7,3
102.6,3
100.5,3
100.3,3
103.5,3
101.9,3
100.7,3
103.6,3
100.8,3
103.6,3
100.7,3
101.1,3
102.2,3
103.8,3
101.8,3
102.1,3
102.0,3
101.7,3
103.2,3
103.9,3
102.3,3
102.7,3
102.5,3
102.8,3
102.2,3
103.9,3
101.7,3
102.1,3
100.1,3
100.5,3
100.3,3
100.4,3
101.7,3
101.3,3
101.6,3
102.1,3
103.0,3
101.4,3
103.5,3
102.6,3
102.9,3
101.8,3
102.2,3
101.3,3
100.8,3
101.0,3
101.2,3
102.7,3
100.5,3
103.1,3
102.7,3
100.3,3
101.3,3
102.6,3
102.5,3
101.5,3
103.9,3
103.4,3
100.9,3
100.4,3
102.4,3
101.7,3
103.7,3
102.2,3
102.1,3
102.2,3
103.3,3
102.7,3
100.2,3
101.3,3
101.1,3
102.3,3
101.6,3
102.7,3
101.6,3
103.3,3
101.8,3
102.5,3
100.5,3
100.3,3
103.8,3
103.5,3
101.0,3
100.2,3
100.7,3
102.7,3
100.6,3
102.3,3
100.4,3
101.1,3
102.8,3
100.1,3
100.3,3
101.3,3
102.1,3
101.2,3
102.2,3
101.3,3
102.2,3
101.7,3
100.7,3
100.5,3
100.8,3
100.8,3
101.7,3
103.1,3
100.7,3
103.7,3
100.9,3
101.8,3
102.0,3
100.5,3
100.8,3
103.0,3
103.8,3
100.2,3
102.4,3
103.1,3
101.7,3
100.5,3
103.6,3
102.8,3
101.1,3
100.3,3
103.5,3
102.7,3
100.3,3
101.5,3
100.8,3
100.1,3
100.7,3
100.7,3
102.0,3
101.2,3
103.6,3
103.8,3
101.8,3
103.2,3
101.8,3
100.3,3
102.5,3
101.4,3
101.8,3
100.7,3
100.3,3
101.5,3
103.1,3
102.9,3
102.7,3
103.9,3
101.7,3
100.2,3
100.4,3
103.8,3
102.6,3
103.8,3
101.8,3
101.0,3
100.3,3
102.6,3
100.8,3
102.8,3
101.9,3
100.1,3
101.1,3
100.4,3
101.0,3
101.3,3
100.2,3
100.5,3
102.0,3
102.4,3
103.7,3
101.0,3
102.5,3
100.7,3
100.7,3
101.1,3
101.2,3
101.7,3
100.8,3
100.4,3
103.0,3
102.9,3
100.6,3
104.0,3
101.8,3
103.6,3
101.0,3
102.7,3
100.4,3
103.7,3
102.1,3
102.1,3
100.1,3
102.5,3
100.8,3
103.6,3
101.5,3
100.5,3
102.6,3
103.6,3
101.9,3
102.3,3
100.4,3
102.5,3
104.7,4
105.9,4
109.1,4
107.0,4
106.8,4
107.5,4
106.3,4
105.2,4
109.3,4
105.4,4
106.4,4
105.1,4
108.6,4
104.5,4
106.1,4
105.6,4
106.4,4
107.0,4
105.6,4
106.1,4
104.7,4
109.4,4
106.6,4
105.4,4
107.7,4
109.2,4
107.7,4
107.3,4
104.7,4
106.3,4
104.1,4
109.9,4
107.6,4
106.4,4
109.1,4
106.6,4
106.3,4
105.9,4
109.4,4
108.7,4
107.6,4
105.1,4
107.6,4
107.4,4
107.9,4
109.9,4
107.7,4
107.3,4
108.9,4
108.6,4
108.9,4
108.4,4
108.7,4
104.0,4
107.6,4
109.2,4
104.8,4
108.2,4
108.0,4
104.4,4
104.5,4
105.0,4
109.9,4
106.9,4
105.6,4
105.5,4
108.0,4
104.4,4
105.5,4
107.3,4
104.0,4
105.6,4
104.1,4
108.9,4
104.8,4
105.2,4
109.2,4
108.7,4
106.3,4
109.1,4
106.0,4
106.2,4
106.7,4
106.6,4
104.1,4
109.7,4
106.0,4
109.6,4
105.9,4
106.3,4
109.0,4
109.7,4
106.3,4
104.6,4
109.5,4
105.2,4
105.2,4
106.0,4
104.6,4
105.9,4
108.7,4
108.1,4
109.5,4
107.7,4
105.3,4
107.7,4
104.7,4
104.9,4
109.7,4
106.0,4
106.8,4
109.9,4
109.3,4
106.4,4
106.3,4
107.6,4
108.3,4
105.7,4
108.9,4
109.0,4
106.1,4
105.5,4
106.3,4
106.5,4
109.4,4
109.2,4
109.2,4
106.4,4
108.7,4
104.8,4
104.9,4
108.7,4
109.4,4
105.3,4
106.5,4
104.7,4
109.0,4
107.1,4
104.7,4
104.1,4
106.7,4
104.1,4
104.8,4
107.6,4
107.0,4
106.4,4
107.4,4
105.9,4
106.8,4
108.1,4
108.9,4
104.0,4
104.2,4
107.1,4
107.7,4
106.6,4
109.3,4
108.0,4
105.9,4
109.6,4
109.1,4
104.7,4
109.5,4
105.4,4
107.0,4
104.6,4
109.5,4
108.4,4
106.7,4
105.1,4
105.1,4
109.7,4
105.1,4
106.4,4
109.8,4
106.5,4
106.6,4
105.3,4
107.2,4
109.0,4
106.5,4
104.7,4
106.3,4
109.2,4
107.8,4
108.0,4
109.5,4
106.1,4
109.0,4
108.1,4
107.5,4
108.6,4
106.4,4
104.4,4
104.9,4
106.6,4
108.3,4
105.3,4
104.6,4
104.8,4
105.4,4
106.7,4
106.7,4
108.0,4
109.7,4
106.3,4
105.3,4
105.8,4
107.9,4
109.9,4
107.8,4
110.0,4
106.1,4
107.6,4
109.2,4
108.8,4
106.5,4
109.5,4
109.7,4
107.0,4
104.0,4
108.4,4
105.1,4
106.3,4
108.2,4
109.2,4
106.7,4
110.0,4
105.4,4
104.6,4
108.3,4
108.6,4
107.9,4
104.0,4
109.4,4
109.5,4
107.1,4
107.0,4
108.9,4
108.7,4
106.2,4
105.4,4
105.9,4
108.6,4
109.9,4
107.4,4
104.9,4
106.1,4
105.1,4
106.4,4
104.9,4
104.7,4
106.7,4
105.9,4
104.8,4
105.5,4
109.1,4
105.0,4
109.8,4
107.5,4
109.8,4
109.9,4
105.2,4
108.8,4
108.2,4
107.4,4
107.7,4
105.6,4
105.7,4
110.0,4
109.0,4
106.9,4
105.7,4
105.4,4
105.8,4
107.9,4
109.1,4
109.1,4
108.8,4
107.5,4
109.2,4
107.9,4
106.8,4
104.1,4
105.0,4
108.7,4
109.3,4
108.7,4
106.5,4
108.8,4
105.2,4
105.2,4
105.3,4
105.9,4
108.7,4
106.2,4
109.0,4
109.3,4
105.1,4
107.4,4
104.9,4
106.1,4
109.7,4
106.6,4
105.3,4
104.2,4
108.6,4
109.2,4
108.2,4
109.5,4
108.4,4
108.6,4
105.5,4
107.0,4
109.6,4
109.5,4
108.9,4
106.8,4
110.0,4
104.6,4
105.2,4
107.2,4
104.9,4
108.7,4
109.5,4
106.8,4
106.1,4
105.0,4
106.3,4
109.8,4
106.0,4
108.1,4
106.5,4
106.5,4
105.5,4
104.4,4
109.8,4
108.8,4
105.4,4
105.3,4
105.0,4
107.9,4
108.7,4
110.0,4
105.6,4
107.3,4
107.0,4
109.7,4
107.0,4
109.8,4
106.1,4
104.7,4
107.5,4
104.6,4
104.9,4
105.1,4
106.1,4
104.6,4
105.5,4
109.4,4
104.2,4
104.1,4
108.7,4
105.5,4
105.3,4
105.8,4
109.7,4
106.0,4
106.7,4
107.7,4
107.4,4
105.2,4
109.5,4
107.3,4
104.2,4
109.2,4
106.9,4
108.6,4
104.1,4
105.2,4
106.9,4
104.5,4
108.1,4
106.6,4
108.4,4
105.4,4
105.9,4
109.5,4
107.1,4
107.6,4
105.8,4
109.2,4
107.5,4
106.6,4
105.4,4
107.1,4
104.2,4
104.7,4
110.0,4
108.4,4
107.0,4
104.9,4
104.2,4
109.6,4
105.7,4
106.0,4
107.8,4
106.5,4
105.4,4
106.2,4
108.5,4
105.7,4
105.3,4
104.8,4
108.3,4
104.2,4
105.5,4
108.2,4
108.9,4
107.6,4
106.1,4
107.4,4
106.3,4
105.1,4
105.6,4
104.2,4
109.2,4
106.7,4
108.7,4
106.2,4
108.2,4
105.0,4
107.0,4
105.5,4
108.7,4
106.7,4
109.9,4
106.4,4
108.6,4
106.4,4
108.9,4
104.4,4
106.7,4
109.8,4
107.2,4
107.6,4
107.5,4
105.8,4
109.9,4
104.7,4
108.2,4
110.0,4
107.3,4
107.4,4
106.5,4
105.4,4
105.6,4
105.3,4
105.7,4
108.8,4
109.1,4
107.0,4
108.2,4
104.5,4
105.5,4
104.8,4
108.5,4
105.8,4
108.0,4
109.8,4
107.5,4
108.7,4
104.6,4
108.3,4
105.7,4
104.0,4
109.2,4
105.5,4
107.5,4
104.4,4
105.0,4
106.1,4
105.9,4
105.9,4
106.4,4
104.7,4
106.5,4
109.3,4
107.7,4
108.2,4
107.5,4
107.4,4
108.9,4
105.4,4
109.2,4
108.5,4
105.3,4
106.5,4
104.6,4
104.1,4
104.9,4
104.3,4
109.6,4
107.7,4
109.3,4
105.5,4
107.6,4
109.5,4
105.9,4
108.4,4
104.9,4
107.4,4
107.3,4
104.2,4
108.6,4
105.4,4
105.1,4
109.6,4
105.0,4
108.1,4
104.5,4
108.8,4
106.8,4
109.0,4
104.4,4
106.2,4
107.0,4
106.4,4
105.9,4
106.1,4
110.0,4
104.2,4
104.8,4
105.7,4
105.2,4
109.1,4
109.4,4
109.9,4
109.5,4
107.8,4
106.9,4
107.3,4
109.8,4
104.7,4
105.9,4
109.5,4
109.9,4
104.7,4
107.0,4
108.7,4
109.3,4
105.5,4
106.6,4
106.0,4
106.7,4
104.3,4
104.3,4
107.2,4
107.3,4
105.2,4
104.0,4
108.1,4
107.0,4
104.4,4
106.8,4
105.7,4
104.8,4
108.5,4
106.7,4
104.8,4
107.9,4
108.5,4
104.5,4
107.0,4
107.2,4
109.0,4
109.1,4
109.0,4
108.4,4
108.5,4
108.3,4
108.6,4
106.2,4
108.4,4
109.4,4
104.7,4
107.6,4
106.3,4
106.5,4
104.4,4
106.1,4
108.6,4
107.1,4
106.8,4
104.5,4
105.8,4
107.1,4
106.1,4
106.3,4
104.8,4
106.7,4
105.4,4
107.3,4
109.9,4
108.0,4
105.8,4
104.5,4
105.4,4
108.3,4
106.7,4
104.7,4
107.7,4
108.5,4
104.7,4
109.4,4
106.4,4
108.4,4
108.3,4
106.0,4
104.7,4
104.2,4
104.3,4
106.3,4
107.1,4
105.8,4
106.6,4
105.3,4
105.9,4
107.2,4
109.7,4
108.3,4
104.3,4
105.8,4
105.6,4
109.3,4
107.0,4
108.5,4
106.5,4
106.8,4
107.5,4
108.5,4
106.8,4
104.2,4
109.4,4
108.1,4
109.2,4
105.4,4
109.9,4
105.2,4
108.0,4
108.9,4
104.9,4
105.7,4
104.9,4
108.0,4
105.0,4
106.7,4
108.8,4
106.8,4
104.7,4
106.8,4
105.4,4
109.3,4
107.0,4
109.3,4
105.0,4
106.2,4
109.6,4
106.4,4
108.7,4
107.5,4
108.5,4
105.3,4
104.6,4
107.9,4
108.2,4
107.5,4
107.5,4
108.8,4
105.9,4
106.5,4
108.2,4
107.1,4
108.4,4
105.0,4
106.0,4
108.3,4
109.9,4
106.4,4
105.1,4
107.3,4
107.1,4
108.3,4
106.2,4
108.6,4
109.0,4
109.8,4
106.6,4
104.0,4
105.9,4
108.7,4
106.2,4
106.7,4
109.0,4
105.9,4
104.3,4
108.3,4
107.5,4
105.7,4
106.7,4
108.7,4
106.2,4
107.8,4
104.4,4
108.4,4
105.2,4
104.6,4
104.1,4
107.3,4
105.8,4
104.9,4
105.1,4
108.4,4
107.0,4
107.6,4
104.8,4
106.0,4
104.8,4
108.2,4
104.7,4
104.5,4
108.9,4
107.8,4
109.9,4
109.0,4
107.6,4
104.1,4
105.3,4
105.6,4
107.5,4
106.4,4
105.2,4
107.5,4
109.8,4
105.8,4
107.7,4
107.6,4
106.1,4
108.8,4
106.4,4
106.5,4
105.6,4
107.1,4
106.5,4
104.1,4
107.6,4
109.3,4
109.5,4
108.5,4
106.3,4
104.6,4
107.0,4
107.6,4
109.4,4
108.6,4
104.1,4
108.4,4
107.8,4
104.9,4
108.7,4
108.1,4
104.5,4
105.1,4
105.5,4
109.8,4
105.0,4
107.3,4
105.7,4
109.1,4
107.6,4
107.6,4
108.7,4
108.1,4
107.5,4
105.4,4
105.7,4
107.4,4
106.0,4
106.8,4
104.7,4
109.6,4
106.5,4
105.7,4
107.9,4
107.3,4
106.7,4
108.4,4
104.4,4
106.2,4
105.5,4
108.1,4
106.2,4
105.6,4
106.8,4
105.9,4
105.2,4
104.8,4
109.8,4
107.4,4
109.3,4
107.1,4
107.6,4
105.4,4
104.5,4
105.8,4
104.2,4
109.8,4
105.3,4
109.4,4
108.5,4
108.9,4
104.6,4
107.0,4
104.2,4
109.3,4
108.7,4
104.1,4
106.3,4
106.4,4
107.7,4
110.0,4
104.8,4
109.1,4
107.7,4
105.1,4
104.2,4
109.7,4
104.8,4
105.0,4
108.9,4
108.4,4
104.9,4
109.3,4
106.3,4
108.2,4
108.4,4
105.2,4
106.0,4
107.0,4
106.2,4
107.8,4
106.0,4
109.6,4
108.4,4
105.0,4
105.9,4
109.7,4
108.0,4
104.2,4
105.3,4
104.7,4
106.6,4
109.0,4
108.0,4
105.2,4
106.3,4
104.6,4
107.8,4
106.7,4
109.8,4
106.4,4
105.9,4
109.4,4
106.7,4
107.7,4
109.1,4
106.8,4
107.1,4
106.1,4
104.7,4
108.7,4
105.0,4
106.6,4
108.0,4
109.7,4
104.6,4
104.8,4
105.2,4
105.8,4
109.0,4
105.8,4
107.4,4
107.1,4
105.9,4
105.3,4
104.5,4
109.1,4
108.0,4
107.5,4
108.8,4
106.1,4
105.1,4
105.6,4
109.9,4
108.5,4
107.6,4
106.6,4
107.5,4
104.3,4
105.3,4
106.1,4
105.7,4
108.6,4
107.2,4
105.1,4
106.7,4
109.5,4
107.2,4
107.4,4
104.2,4
104.9,4
106.3,4
106.9,4
104.6,4
108.7,4
108.7,4
106.4,4
105.4,4
105.5,4
108.7,4
104.7,4
109.0,4
108.0,4
104.2,4
105.4,4
108.2,4
107.2,4
106.2,4
109.1,4
108.2,4
105.8,4
104.6,4
105.8,4
104.2,4
109.8,4
109.0,4
104.4,4
108.3,4
107.4,4
108.9,4
109.9,4
104.2,4
109.3,4
109.8,4
106.1,4
105.6,4
106.7,4
109.5,4
109.3,4
109.8,4
104.8,4
107.2,4
109.4,4
108.6,4
104.9,4
105.6,4
105.9,4
107.3,4
105.4,4
108.8,4
108.0,4
107.0,4
109.5,4
104.6,4
105.2,4
108.2,4
104.7,4
108.5,4
108.5,4
107.6,4
106.3,4
109.3,4
105.9,4
105.8,4
108.9,4
104.5,4
109.1,4
106.7,4
108.7,4
105.9,4
106.5,4
108.8,4
105.0,4
108.2,4
105.2,4
109.9,4
109.3,4
107.3,4
107.1,4
105.9,4
